{"cameraMode":{"drawMode":0,"name":"Shaded","section":"Shading Mode"},"sceneLighting":true,"audioPlay":false,"sceneViewState":{"showFog":true,"showMaterialUpdate":true,"showSkybox":true,"showFlares":true,"showImageEffects":true,"showParticleSystems":true},"in2DMode":false,"pivot":{"x":0.5182132720947266,"y":-11.450675964355469,"z":1.8846187591552735},"rotation":{"x":-0.35544919967651369,"y":0.6282386779785156,"z":-0.39108970761299136,"w":-0.5709936022758484},"size":14.181105613708496,"orthographic":false}